{
  "main": {
    "id": "729a62a85711166b",
    "type": "split",
    "children": [
      {
        "id": "08c061efab603888",
        "type": "tabs",
        "children": [
          {
            "id": "b3d2816552def1da",
            "type": "leaf",
            "state": {
              "type": "markdown",
              "state": {
                "file": "棒球大聯盟37集.md",
                "mode": "source",
                "source": false,
                "backlinks": true,
                "backlinkOpts": {
                  "collapseAll": false,
                  "extraContext": false,
                  "sortOrder": "alphabetical",
                  "showSearch": false,
                  "searchQuery": "",
                  "backlinkCollapsed": false,
                  "unlinkedCollapsed": false
                }
              },
              "icon": "lucide-file",
              "title": "棒球大聯盟37集"
            }
          }
        ]
      }
    ],
    "direction": "vertical"
  },
  "left": {
    "id": "2444bb899c144d87",
    "type": "split",
    "children": [
      {
        "id": "d25d2e7d26bb8520",
        "type": "tabs",
        "children": [
          {
            "id": "afbcb1cece3d2a3b",
            "type": "leaf",
            "state": {
              "type": "file-explorer",
              "state": {
                "sortOrder": "alphabetical",
                "autoReveal": false
              },
              "icon": "lucide-folder-closed",
              "title": "檔案瀏覽器"
            }
          },
          {
            "id": "d78b9f4d465889e9",
            "type": "leaf",
            "state": {
              "type": "search",
              "state": {
                "query": "",
                "matchingCase": false,
                "explainSearch": false,
                "collapseAll": false,
                "extraContext": false,
                "sortOrder": "alphabetical"
              },
              "icon": "lucide-search",
              "title": "搜尋"
            }
          },
          {
            "id": "18d4e359fed34f68",
            "type": "leaf",
            "state": {
              "type": "bookmarks",
              "state": {},
              "icon": "lucide-bookmark",
              "title": "書籤"
            }
          }
        ]
      }
    ],
    "direction": "horizontal",
    "width": 300
  },
  "right": {
    "id": "fb4d89345a7d3632",
    "type": "split",
    "children": [
      {
        "id": "f069cc271f981680",
        "type": "tabs",
        "children": [
          {
            "id": "543b85cb9deac588",
            "type": "leaf",
            "state": {
              "type": "backlink",
              "state": {
                "file": "棒球大聯盟37集.md",
                "collapseAll": true,
                "extraContext": true,
                "sortOrder": "alphabetical",
                "showSearch": false,
                "searchQuery": "",
                "backlinkCollapsed": false,
                "unlinkedCollapsed": true
              },
              "icon": "links-coming-in",
              "title": "棒球大聯盟37集 的反向連結"
            }
          },
          {
            "id": "249814e19939d292",
            "type": "leaf",
            "state": {
              "type": "outgoing-link",
              "state": {
                "file": "棒球大聯盟37集.md",
                "linksCollapsed": false,
                "unlinkedCollapsed": true
              },
              "icon": "links-going-out",
              "title": "棒球大聯盟37集 的對外連結"
            }
          },
          {
            "id": "1b70a961d009962f",
            "type": "leaf",
            "state": {
              "type": "tag",
              "state": {
                "sortOrder": "frequency",
                "useHierarchy": true,
                "showSearch": false,
                "searchQuery": ""
              },
              "icon": "lucide-tags",
              "title": "標籤"
            }
          },
          {
            "id": "51e74a82c10e9a0f",
            "type": "leaf",
            "state": {
              "type": "all-properties",
              "state": {
                "sortOrder": "frequency",
                "showSearch": false,
                "searchQuery": ""
              },
              "icon": "lucide-archive",
              "title": "所有屬性"
            }
          },
          {
            "id": "669e1ea5c55fc1d9",
            "type": "leaf",
            "state": {
              "type": "outline",
              "state": {
                "file": "棒球大聯盟37集.md",
                "followCursor": false,
                "showSearch": false,
                "searchQuery": ""
              },
              "icon": "lucide-list",
              "title": "棒球大聯盟37集 的大綱"
            }
          }
        ],
        "currentTab": 2
      }
    ],
    "direction": "horizontal",
    "width": 300
  },
  "left-ribbon": {
    "hiddenItems": {
      "switcher:開啟快速切換": false,
      "graph:查看關聯圖": false,
      "canvas:建立新畫布": false,
      "daily-notes:開啟今天的每日筆記": false,
      "templates:插入模板": false,
      "command-palette:開啟命令面板": false,
      "bases:建立新的 base": false
    }
  },
  "active": "b3d2816552def1da",
  "lastOpenFiles": [
    "棒球大聯盟1集.md",
    "棒球大聯盟37集.md",
    "國立成功大學.md",
    "模板/人物模板.md",
    "歡迎.md",
    "人物",
    "日期",
    "人物/楊宗翰.md",
    "模板/閱讀模板.md",
    "日期/2026-01-19.md",
    "人物/滿田拓也.md",
    "人物/張哲維.md",
    "模板",
    "人物/黃敏順.md"
  ]
}