{
  "main": {
    "id": "637f6c8a7b882f6f",
    "type": "split",
    "children": [
      {
        "id": "176e1b50175f55a2",
        "type": "tabs",
        "children": [
          {
            "id": "95f14a3b2bb2efbc",
            "type": "leaf",
            "state": {
              "type": "markdown",
              "state": {
                "file": "小組漫畫.md",
                "mode": "source",
                "source": false
              },
              "icon": "lucide-file",
              "title": "小組漫畫"
            }
          }
        ]
      }
    ],
    "direction": "vertical"
  },
  "left": {
    "id": "fa0fd0d0cd545ba6",
    "type": "split",
    "children": [
      {
        "id": "3157ebc97e89fb1e",
        "type": "tabs",
        "children": [
          {
            "id": "d2a54bdb38d5e295",
            "type": "leaf",
            "state": {
              "type": "file-explorer",
              "state": {
                "sortOrder": "alphabetical",
                "autoReveal": false
              },
              "icon": "lucide-folder-closed",
              "title": "檔案瀏覽器"
            }
          },
          {
            "id": "0c1ebd52060acf76",
            "type": "leaf",
            "state": {
              "type": "search",
              "state": {
                "query": "",
                "matchingCase": false,
                "explainSearch": false,
                "collapseAll": false,
                "extraContext": false,
                "sortOrder": "alphabetical"
              },
              "icon": "lucide-search",
              "title": "搜尋"
            }
          },
          {
            "id": "a0d5c13c1509705e",
            "type": "leaf",
            "state": {
              "type": "bookmarks",
              "state": {},
              "icon": "lucide-bookmark",
              "title": "書籤"
            }
          }
        ]
      }
    ],
    "direction": "horizontal",
    "width": 300
  },
  "right": {
    "id": "523b9d7cc87e2a3a",
    "type": "split",
    "children": [
      {
        "id": "26d2bafb7c6cc133",
        "type": "tabs",
        "children": [
          {
            "id": "349b36d024c3a276",
            "type": "leaf",
            "state": {
              "type": "backlink",
              "state": {
                "file": "vault/222/日本小書館.md",
                "collapseAll": false,
                "extraContext": false,
                "sortOrder": "alphabetical",
                "showSearch": false,
                "searchQuery": "",
                "backlinkCollapsed": false,
                "unlinkedCollapsed": true
              },
              "icon": "links-coming-in",
              "title": "日本小書館 的反向連結"
            }
          },
          {
            "id": "d5ff384cfc4e7ed9",
            "type": "leaf",
            "state": {
              "type": "outgoing-link",
              "state": {
                "file": "vault/222/日本小書館.md",
                "linksCollapsed": false,
                "unlinkedCollapsed": true
              },
              "icon": "links-going-out",
              "title": "日本小書館 的對外連結"
            }
          },
          {
            "id": "7e34a1f5a2084457",
            "type": "leaf",
            "state": {
              "type": "tag",
              "state": {
                "sortOrder": "frequency",
                "useHierarchy": true,
                "showSearch": false,
                "searchQuery": ""
              },
              "icon": "lucide-tags",
              "title": "標籤"
            }
          },
          {
            "id": "2aeabfba56267828",
            "type": "leaf",
            "state": {
              "type": "all-properties",
              "state": {
                "sortOrder": "frequency",
                "showSearch": false,
                "searchQuery": ""
              },
              "icon": "lucide-archive",
              "title": "所有屬性"
            }
          },
          {
            "id": "c4681247dca93259",
            "type": "leaf",
            "state": {
              "type": "outline",
              "state": {
                "file": "vault/222/日本小書館.md",
                "followCursor": false,
                "showSearch": false,
                "searchQuery": ""
              },
              "icon": "lucide-list",
              "title": "日本小書館 的大綱"
            }
          }
        ]
      }
    ],
    "direction": "horizontal",
    "width": 300,
    "collapsed": true
  },
  "left-ribbon": {
    "hiddenItems": {
      "switcher:開啟快速切換": false,
      "graph:查看關聯圖": false,
      "canvas:建立新畫布": false,
      "daily-notes:開啟今天的每日筆記": false,
      "templates:插入模板": false,
      "command-palette:開啟命令面板": false,
      "bases:建立新的 base": false
    }
  },
  "active": "95f14a3b2bb2efbc",
  "lastOpenFiles": [
    "我的MVP球員(陳傑憲).md",
    "vault/222/澤村 涼太.md",
    "vault/222/柯寶稚.md",
    "vault/222/本田 吾郎.md",
    "vault/222/０１１９作業/棒球大聯盟.md",
    "小組漫畫.md",
    "vault/222/國立成功大學.md",
    "source.md",
    "Pasted image 20260121163624.png",
    "Pasted image 20260121163619.png",
    "vault/222/小森 大介.md",
    "vault/222/H2第13集.md",
    "vault/222/書與陳.md",
    "vault/222/滿田拓也.md",
    "vault/222/日本小書館.md",
    "vault/222/安藤 教練.md",
    "vault/222/清水 薰.md",
    "vault/222/佐藤 壽也.md",
    "vault/222/喬‧吉普森.md",
    "vault/222/茂野 英毅.md",
    "vault/222/星野 桃子.md",
    "vault/222/本田 茂治.md",
    "未命名"
  ]
}