{
  "main": {
    "id": "5c797a4c1bdf18c3",
    "type": "split",
    "children": [
      {
        "id": "375de9e948ed62df",
        "type": "tabs",
        "dimension": 75.80645161290323,
        "children": [
          {
            "id": "30eff54032d7fc30",
            "type": "leaf",
            "state": {
              "type": "markdown",
              "state": {
                "file": "佐倉學姊.md",
                "mode": "source",
                "source": false
              },
              "icon": "lucide-file",
              "title": "佐倉學姊"
            }
          },
          {
            "id": "6ca456f9a7edb77c",
            "type": "leaf",
            "state": {
              "type": "markdown",
              "state": {
                "file": "日本小書館.md",
                "mode": "source",
                "source": false
              },
              "icon": "lucide-file",
              "title": "日本小書館"
            }
          }
        ],
        "currentTab": 1
      },
      {
        "id": "492844490da903d0",
        "type": "tabs",
        "dimension": 24.193548387096776,
        "children": [
          {
            "id": "4cdcddb0bb3ec056",
            "type": "leaf",
            "state": {
              "type": "graph",
              "state": {},
              "icon": "lucide-git-fork",
              "title": "關聯圖檢視"
            }
          }
        ]
      }
    ],
    "direction": "vertical"
  },
  "left": {
    "id": "d4cacdbb412ab6f1",
    "type": "split",
    "children": [
      {
        "id": "f02a0e6c7e29c77f",
        "type": "tabs",
        "children": [
          {
            "id": "3ad9d038f87fe985",
            "type": "leaf",
            "state": {
              "type": "file-explorer",
              "state": {
                "sortOrder": "alphabetical",
                "autoReveal": false
              },
              "icon": "lucide-folder-closed",
              "title": "檔案瀏覽器"
            }
          },
          {
            "id": "17d1d22b3ea5b217",
            "type": "leaf",
            "state": {
              "type": "search",
              "state": {
                "query": "",
                "matchingCase": false,
                "explainSearch": false,
                "collapseAll": false,
                "extraContext": false,
                "sortOrder": "alphabetical"
              },
              "icon": "lucide-search",
              "title": "搜尋"
            }
          },
          {
            "id": "421da09d5a40d742",
            "type": "leaf",
            "state": {
              "type": "bookmarks",
              "state": {},
              "icon": "lucide-bookmark",
              "title": "書籤"
            }
          }
        ]
      }
    ],
    "direction": "horizontal",
    "width": 300
  },
  "right": {
    "id": "b04f26152027873e",
    "type": "split",
    "children": [
      {
        "id": "719e70390ad932c6",
        "type": "tabs",
        "children": [
          {
            "id": "0eaed9f675be7de1",
            "type": "leaf",
            "state": {
              "type": "backlink",
              "state": {
                "file": "H2第13集.md",
                "collapseAll": false,
                "extraContext": false,
                "sortOrder": "alphabetical",
                "showSearch": false,
                "searchQuery": "",
                "backlinkCollapsed": false,
                "unlinkedCollapsed": true
              },
              "icon": "links-coming-in",
              "title": "H2第13集 的反向連結"
            }
          },
          {
            "id": "67bb05b6da7790a3",
            "type": "leaf",
            "state": {
              "type": "outgoing-link",
              "state": {
                "file": "H2第13集.md",
                "linksCollapsed": false,
                "unlinkedCollapsed": true
              },
              "icon": "links-going-out",
              "title": "H2第13集 的對外連結"
            }
          },
          {
            "id": "45bee86c5c45f4e3",
            "type": "leaf",
            "state": {
              "type": "tag",
              "state": {
                "sortOrder": "frequency",
                "useHierarchy": true,
                "showSearch": false,
                "searchQuery": ""
              },
              "icon": "lucide-tags",
              "title": "標籤"
            }
          },
          {
            "id": "e178a7bb93824f1f",
            "type": "leaf",
            "state": {
              "type": "all-properties",
              "state": {
                "sortOrder": "frequency",
                "showSearch": false,
                "searchQuery": ""
              },
              "icon": "lucide-archive",
              "title": "所有屬性"
            }
          },
          {
            "id": "565c7675405edfeb",
            "type": "leaf",
            "state": {
              "type": "outline",
              "state": {
                "file": "H2第13集.md",
                "followCursor": false,
                "showSearch": false,
                "searchQuery": ""
              },
              "icon": "lucide-list",
              "title": "H2第13集 的大綱"
            }
          },
          {
            "id": "42ffb65a4e5f323b",
            "type": "leaf",
            "state": {
              "type": "file-properties",
              "state": {
                "file": "日本小書館.md"
              },
              "icon": "lucide-info",
              "title": "日本小書館 的檔案屬性"
            }
          }
        ],
        "currentTab": 5
      }
    ],
    "direction": "horizontal",
    "width": 200,
    "collapsed": true
  },
  "left-ribbon": {
    "hiddenItems": {
      "switcher:開啟快速切換": false,
      "graph:查看關聯圖": false,
      "canvas:建立新畫布": false,
      "daily-notes:開啟今天的每日筆記": false,
      "templates:插入模板": false,
      "command-palette:開啟命令面板": false,
      "bases:建立新的 base": false
    }
  },
  "active": "6ca456f9a7edb77c",
  "lastOpenFiles": [
    "柯寶稚.md",
    "佐倉學姊.md",
    "書與陳.md",
    "滿田拓也.md",
    "國立成功大學.md",
    "０１１９作業/棒球大聯盟.md",
    "H2第13集.md",
    "日本小書館.md",
    "漫畫/未命名",
    "漫畫",
    "心得.md",
    "未命名.canvas",
    "０１１９作業",
    "未命名.base",
    "未命名 3.canvas",
    "未命名 1.canvas",
    "未命名 2.canvas"
  ]
}