{
  "main": {
    "id": "9a6b069198161e4c",
    "type": "split",
    "children": [
      {
        "id": "59fc1a738745663a",
        "type": "tabs",
        "children": [
          {
            "id": "394a4bf494649ad7",
            "type": "leaf",
            "state": {
              "type": "markdown",
              "state": {
                "file": "你的草稿/MVP.md",
                "mode": "source",
                "source": false
              },
              "icon": "lucide-file",
              "title": "MVP"
            }
          },
          {
            "id": "8ccdbbda632a455d",
            "type": "leaf",
            "state": {
              "type": "markdown",
              "state": {
                "file": "source.md",
                "mode": "source",
                "source": false
              },
              "icon": "lucide-file",
              "title": "source"
            }
          }
        ],
        "currentTab": 1
      }
    ],
    "direction": "vertical"
  },
  "left": {
    "id": "0c8d68e8ddfb8d7a",
    "type": "split",
    "children": [
      {
        "id": "689038953e8eb171",
        "type": "tabs",
        "children": [
          {
            "id": "508f9a7ce4b9b5cb",
            "type": "leaf",
            "state": {
              "type": "file-explorer",
              "state": {
                "sortOrder": "alphabetical",
                "autoReveal": false
              },
              "icon": "lucide-folder-closed",
              "title": "檔案瀏覽器"
            }
          },
          {
            "id": "dc0566175de88c74",
            "type": "leaf",
            "state": {
              "type": "search",
              "state": {
                "query": "",
                "matchingCase": false,
                "explainSearch": false,
                "collapseAll": false,
                "extraContext": false,
                "sortOrder": "alphabetical"
              },
              "icon": "lucide-search",
              "title": "搜尋"
            }
          },
          {
            "id": "aad0e565f5dd255e",
            "type": "leaf",
            "state": {
              "type": "bookmarks",
              "state": {},
              "icon": "lucide-bookmark",
              "title": "書籤"
            }
          }
        ]
      }
    ],
    "direction": "horizontal",
    "width": 300
  },
  "right": {
    "id": "e628db26889aa70f",
    "type": "split",
    "children": [
      {
        "id": "efaeaa73b6d8c4ed",
        "type": "tabs",
        "children": [
          {
            "id": "236b4d3a3ca06b38",
            "type": "leaf",
            "state": {
              "type": "backlink",
              "state": {
                "collapseAll": false,
                "extraContext": false,
                "sortOrder": "alphabetical",
                "showSearch": false,
                "searchQuery": "",
                "backlinkCollapsed": false,
                "unlinkedCollapsed": true
              },
              "icon": "links-coming-in",
              "title": "反向連結"
            }
          },
          {
            "id": "39f43d764808f9e6",
            "type": "leaf",
            "state": {
              "type": "outgoing-link",
              "state": {
                "linksCollapsed": false,
                "unlinkedCollapsed": true
              },
              "icon": "links-going-out",
              "title": "對外連結"
            }
          },
          {
            "id": "f9f050fcd5e61bc6",
            "type": "leaf",
            "state": {
              "type": "tag",
              "state": {
                "sortOrder": "frequency",
                "useHierarchy": true,
                "showSearch": false,
                "searchQuery": ""
              },
              "icon": "lucide-tags",
              "title": "標籤"
            }
          },
          {
            "id": "48c355e760d6fd29",
            "type": "leaf",
            "state": {
              "type": "all-properties",
              "state": {
                "sortOrder": "frequency",
                "showSearch": false,
                "searchQuery": ""
              },
              "icon": "lucide-archive",
              "title": "所有屬性"
            }
          },
          {
            "id": "6b893a25ff48903c",
            "type": "leaf",
            "state": {
              "type": "outline",
              "state": {
                "followCursor": false,
                "showSearch": false,
                "searchQuery": ""
              },
              "icon": "lucide-list",
              "title": "大綱"
            }
          }
        ]
      }
    ],
    "direction": "horizontal",
    "width": 300,
    "collapsed": true
  },
  "left-ribbon": {
    "hiddenItems": {
      "switcher:開啟快速切換": false,
      "graph:查看關聯圖": false,
      "canvas:建立新畫布": false,
      "daily-notes:開啟今天的每日筆記": false,
      "templates:插入模板": false,
      "command-palette:開啟命令面板": false,
      "bases:建立新的 base": false,
      "audio-recorder:開始/停止錄音": false,
      "obsidian-tts:Text to Speech": false,
      "obsidian-excalidraw-plugin:新建繪圖檔案": false
    }
  },
  "active": "8ccdbbda632a455d",
  "lastOpenFiles": [
    "players/MVP.md",
    "source.md",
    "你的草稿/MVP.md",
    "閱讀心得/2026-01-19.md",
    "你的草稿/MVP1.md",
    "閱讀心得/2026-01-22.md",
    "閱讀心得/2026-01-23.md",
    "閱讀心得/2026-01-21.md",
    "閱讀心得/2026-01-20.md",
    "滿田拓也.md",
    "青文出版.md",
    "未命名 2.base",
    "未命名/20260122_100951.jpg",
    "圖片檔/20260121_104155 1.jpg",
    "未命名",
    "圖片檔/20260121_103812.jpg",
    "圖片檔/20260121_103903.jpg",
    "圖片檔/20260121_104128 1.jpg",
    "圖片檔/20260121_104155.jpg",
    "圖片檔/最後一張.jpg",
    "人物/大王.md",
    "圖片檔/ChatGPT Image 2026年1月21日 修改完成 1.jpg",
    "圖片檔/ChatGPT Image 2026年1月21日修改完成3.jpg",
    "圖片檔/ChatGPT Image 2026年1月21日修改完成4.jpg",
    "模板/人物模板.md",
    "未命名.base",
    "圖片檔",
    "人物/洪總.md",
    "1980-10-06.md",
    "Excalidraw/Drawing 2026-01-20 14.50.14.excalidraw.md",
    "未命名 1.base",
    "模板",
    "人物",
    "Excalidraw/Drawing 2026-01-20 14.35.02.excalidraw.md",
    "Excalidraw/Drawing 2026-01-20 14.34.47.excalidraw.md",
    "Excalidraw",
    "閱讀心得",
    "Welcome.md",
    "你的草稿",
    "2018-09-25.md",
    "安達充.md",
    "create a link.md"
  ]
}