{
  "main": {
    "id": "249ca2f4d82130d7",
    "type": "split",
    "children": [
      {
        "id": "14b6a6be47deb9ab",
        "type": "tabs",
        "children": [
          {
            "id": "93a9ab69166a5d56",
            "type": "leaf",
            "state": {
              "type": "markdown",
              "state": {
                "file": "2026-01-19.md",
                "mode": "source",
                "source": false
              },
              "icon": "lucide-file",
              "title": "2026-01-19"
            }
          }
        ]
      }
    ],
    "direction": "vertical"
  },
  "left": {
    "id": "51b4701e3a3b6a18",
    "type": "split",
    "children": [
      {
        "id": "5bbcec3fd664c2c5",
        "type": "tabs",
        "children": [
          {
            "id": "3b72fa6405f8a60a",
            "type": "leaf",
            "state": {
              "type": "file-explorer",
              "state": {
                "sortOrder": "alphabetical",
                "autoReveal": false
              },
              "icon": "lucide-folder-closed",
              "title": "檔案瀏覽器"
            }
          },
          {
            "id": "40e84e45e555328c",
            "type": "leaf",
            "state": {
              "type": "search",
              "state": {
                "query": "",
                "matchingCase": false,
                "explainSearch": false,
                "collapseAll": false,
                "extraContext": false,
                "sortOrder": "alphabetical"
              },
              "icon": "lucide-search",
              "title": "搜尋"
            }
          },
          {
            "id": "2bb9c4b28ed84764",
            "type": "leaf",
            "state": {
              "type": "bookmarks",
              "state": {},
              "icon": "lucide-bookmark",
              "title": "書籤"
            }
          }
        ]
      }
    ],
    "direction": "horizontal",
    "width": 300
  },
  "right": {
    "id": "9602e146a0a1d181",
    "type": "split",
    "children": [
      {
        "id": "e3659ddc60396cb9",
        "type": "tabs",
        "children": [
          {
            "id": "a2774dfb2719533f",
            "type": "leaf",
            "state": {
              "type": "backlink",
              "state": {
                "file": "2026-01-19.md",
                "collapseAll": false,
                "extraContext": false,
                "sortOrder": "alphabetical",
                "showSearch": false,
                "searchQuery": "",
                "backlinkCollapsed": false,
                "unlinkedCollapsed": true
              },
              "icon": "links-coming-in",
              "title": "2026-01-19 的反向連結"
            }
          },
          {
            "id": "c3ee7a2c1feda577",
            "type": "leaf",
            "state": {
              "type": "outgoing-link",
              "state": {
                "file": "2026-01-19.md",
                "linksCollapsed": false,
                "unlinkedCollapsed": true
              },
              "icon": "links-going-out",
              "title": "2026-01-19 的對外連結"
            }
          },
          {
            "id": "439261be91149736",
            "type": "leaf",
            "state": {
              "type": "tag",
              "state": {
                "sortOrder": "frequency",
                "useHierarchy": true,
                "showSearch": false,
                "searchQuery": ""
              },
              "icon": "lucide-tags",
              "title": "標籤"
            }
          },
          {
            "id": "01246c9a81483691",
            "type": "leaf",
            "state": {
              "type": "all-properties",
              "state": {
                "sortOrder": "frequency",
                "showSearch": false,
                "searchQuery": ""
              },
              "icon": "lucide-archive",
              "title": "所有屬性"
            }
          },
          {
            "id": "b528b4b3fd4ed8b5",
            "type": "leaf",
            "state": {
              "type": "outline",
              "state": {
                "file": "2026-01-19.md",
                "followCursor": false,
                "showSearch": false,
                "searchQuery": ""
              },
              "icon": "lucide-list",
              "title": "2026-01-19 的大綱"
            }
          }
        ]
      }
    ],
    "direction": "horizontal",
    "width": 300,
    "collapsed": true
  },
  "left-ribbon": {
    "hiddenItems": {
      "switcher:開啟快速切換": false,
      "graph:查看關聯圖": false,
      "canvas:建立新畫布": false,
      "daily-notes:開啟今天的每日筆記": false,
      "templates:插入模板": false,
      "command-palette:開啟命令面板": false,
      "bases:建立新的 base": false
    }
  },
  "active": "93a9ab69166a5d56",
  "lastOpenFiles": [
    "2026-01-19.md",
    "未命名"
  ]
}